date,product,region,sales_rep,units_sold,unit_price,revenue,cost
2025-12-08,Laptop Pro 15,Europe,Jamie Arnold,72,1239.16,89219.52,55436.4
2025-11-05,Ergonomic Mouse,Asia Pacific,Cristian Santos,34,68.99,2345.66,1073.72
2025-12-06,"27"" Monitor",Asia Pacific,Allison Hill,13,506.21,6580.73,3824.47
2025-12-17,Ergonomic Mouse,North America,Connie Lawrence,83,70.0,5810.0,2660.15
2025-10-20,USB-C Hub,Asia Pacific,Connie Lawrence,56,73.33,4106.48,1798.72
2025-10-25,USB-C Hub,Europe,Abigail Shaffer,17,79.16,1345.72,589.56
2026-01-07,Wireless Keyboard,Europe,Noah Rhodes,44,58.88,2590.72,1254.44
2025-11-30,Noise-Cancel Headset,North America,Ryan Munoz,26,236.36,6145.36,2838.16
2025-10-19,Desk Lamp LED,Europe,Jamie Arnold,16,46.53,744.48,298.4
2026-02-23,"27"" Monitor",North America,Angie Henderson,79,464.81,36719.99,21340.27
2026-01-06,Ergonomic Mouse,Latin America,Cristian Santos,36,73.38,2641.68,1209.24
2026-02-11,Ergonomic Mouse,Latin America,Monica Herrera,34,69.61,2366.74,1083.58
2025-10-14,"27"" Monitor",North America,Abigail Shaffer,70,521.78,36524.6,21226.8
2025-12-01,Ergonomic Mouse,Latin America,Noah Rhodes,50,72.89,3644.5,1668.5
2026-02-08,Wireless Keyboard,North America,Cristian Santos,26,57.98,1507.48,729.82
2025-12-17,Noise-Cancel Headset,North America,Allison Hill,38,249.57,9483.66,4379.88
2025-11-22,Wireless Keyboard,Asia Pacific,Noah Rhodes,10,59.58,595.8,288.5
2025-12-22,Ergonomic Mouse,Asia Pacific,Ryan Munoz,36,76.69,2760.84,1263.96
2025-12-23,Ergonomic Mouse,Asia Pacific,Monica Herrera,43,72.85,3132.55,1434.05
2025-12-03,Desk Lamp LED,Europe,Gina Moore,63,48.93,3082.59,1236.06
2025-11-27,Desk Lamp LED,North America,Allison Hill,69,46.66,3219.54,1290.3
2026-02-28,Noise-Cancel Headset,Asia Pacific,Ryan Munoz,9,260.96,2348.64,1084.68
2025-11-21,Laptop Pro 15,North America,Allison Hill,350,1199,394471,181035
2026-01-25,Wireless Keyboard,Europe,Connie Lawrence,25,65.07,1626.75,787.5
2025-10-28,USB-C Hub,Europe,Daniel Wagner,39,74.84,2918.76,1278.42
2026-01-27,USB-C Hub,North America,Gina Moore,57,84.82,4834.74,2118.12
2025-10-26,Webcam HD,Europe,Angie Henderson,37,128.29,4746.73,2134.16
2025-11-21,Laptop Pro 15,North America,Allison Hill,212,1199,450824,170605
2025-12-27,Noise-Cancel Headset,Latin America,Angie Henderson,10,239.86,2398.6,1107.8
2025-12-15,Webcam HD,Europe,Jamie Arnold,81,117.89,9549.09,4293.81
2026-01-20,"27"" Monitor",Europe,Abigail Shaffer,57,507.87,28948.59,16823.55
2025-11-21,Laptop Pro 15,North America,Abigail Shaffer,313,1199,356103,172095
2026-02-22,USB-C Hub,Europe,Monica Herrera,33,84.18,2777.94,1216.71
2026-02-07,Laptop Pro 15,Latin America,Gina Moore,16,1168.62,18697.92,11617.92
2025-10-27,Wireless Keyboard,Asia Pacific,Connie Lawrence,10,56.27,562.7,272.4
2026-01-25,"27"" Monitor",Europe,Monica Herrera,6,454.15,2724.9,1583.58
2025-11-21,Laptop Pro 15,North America,Angie Henderson,252,1199,452023,279375
2025-12-16,Desk Lamp LED,Latin America,Gabrielle Davis,26,43.82,1139.32,456.82
2026-02-15,"27"" Monitor",North America,Daniel Wagner,19,513.67,9759.73,5672.07
2026-02-07,Ergonomic Mouse,North America,Cristian Santos,5,73.06,365.3,167.25
2025-12-08,Webcam HD,North America,Cristian Santos,24,127.32,3055.68,1373.76
2025-11-12,USB-C Hub,Europe,Angie Henderson,57,82.83,4721.31,2067.96
2026-02-25,Laptop Pro 15,Europe,Angie Henderson,54,1273.61,68774.94,42733.44
2025-12-16,USB-C Hub,Europe,Gabrielle Davis,54,84.78,4578.12,2005.56
2025-10-11,Webcam HD,Europe,Monica Herrera,33,122.54,4043.82,1817.97
2025-11-14,Noise-Cancel Headset,Latin America,Allison Hill,45,272.52,12263.4,5663.7
2025-12-30,Desk Lamp LED,Asia Pacific,Cristian Santos,39,42.14,1643.46,658.71
2025-10-09,Webcam HD,Europe,Noah Rhodes,64,126.82,8116.48,3649.28
2026-02-12,Laptop Pro 15,Europe,Daniel Wagner,30,1288.97,38669.1,24027.0
2025-12-11,Laptop Pro 15,Asia Pacific,Daniel Wagner,14,1185.42,16595.88,10311.84
2026-01-04,"27"" Monitor",North America,Cristian Santos,28,493.94,13830.32,8037.68
2025-12-13,Desk Lamp LED,Europe,Noah Rhodes,7,41.63,291.41,116.83
2026-02-16,Laptop Pro 15,Asia Pacific,Allison Hill,80,1091.12,87289.6,54237.6
2025-11-27,Noise-Cancel Headset,Asia Pacific,Noah Rhodes,40,250.82,10032.8,4633.6
2026-01-10,Webcam HD,North America,Monica Herrera,31,123.15,3817.65,1716.47
2025-10-15,Desk Lamp LED,Europe,Connie Lawrence,68,48.44,3293.92,1320.56
2026-01-08,USB-C Hub,Asia Pacific,Daniel Wagner,48,77.19,3705.12,1622.88
2026-02-15,Noise-Cancel Headset,Europe,Jamie Arnold,35,261.76,9161.6,4231.15
2026-02-18,Desk Lamp LED,Europe,Daniel Wagner,66,46.52,3070.32,1230.9
2025-10-19,Laptop Pro 15,Asia Pacific,Connie Lawrence,24,1215.4,29169.6,18124.56
2025-10-21,Desk Lamp LED,Asia Pacific,Noah Rhodes,46,47.85,2201.1,882.28
2025-12-19,"27"" Monitor",Asia Pacific,Connie Lawrence,39,510.44,19907.16,11569.35
2025-11-29,Noise-Cancel Headset,North America,Jamie Arnold,29,227.98,6611.42,3053.41
2025-11-28,Ergonomic Mouse,North America,Daniel Wagner,75,69.25,5193.75,2377.5
2025-12-12,Desk Lamp LED,Asia Pacific,Allison Hill,48,40.9,1963.2,787.2
2026-02-12,USB-C Hub,North America,Abigail Shaffer,76,84.41,6415.16,2809.72
2025-11-01,Noise-Cancel Headset,Latin America,Connie Lawrence,8,271.64,2173.12,1003.68
2025-10-26,Desk Lamp LED,Europe,Jamie Arnold,19,43.32,823.08,330.03
2025-10-31,Webcam HD,Europe,Gina Moore,63,124.05,7815.15,3514.14
2026-01-26,Wireless Keyboard,Asia Pacific,Angie Henderson,40,57.06,2282.4,1104.8
2026-02-21,USB-C Hub,Europe,Monica Herrera,20,77.99,1559.8,683.4
2025-11-18,"27"" Monitor",North America,Monica Herrera,37,495.71,18341.27,10659.33
2025-12-01,Desk Lamp LED,Latin America,Gina Moore,42,47.53,1996.26,800.1
2025-12-19,Desk Lamp LED,Latin America,Allison Hill,51,41.1,2096.1,840.48
2025-10-03,USB-C Hub,Asia Pacific,Ryan Munoz,27,84.78,2289.06,1002.78
2026-02-05,Ergonomic Mouse,Asia Pacific,Abigail Shaffer,18,71.06,1279.08,585.54
2026-02-24,Desk Lamp LED,Europe,Allison Hill,64,43.65,2793.6,1120.0
2026-02-11,Noise-Cancel Headset,Latin America,Ryan Munoz,34,268.01,9112.34,4208.52
2026-02-14,Laptop Pro 15,Europe,Ryan Munoz,28,1164.18,32597.04,20254.36
2025-10-11,"27"" Monitor",Latin America,Monica Herrera,6,542.38,3254.28,1891.26
2026-02-28,Ergonomic Mouse,Latin America,Jamie Arnold,11,65.7,722.7,330.77
2025-11-12,Desk Lamp LED,North America,Abigail Shaffer,24,43.68,1048.32,420.24
2025-12-05,Webcam HD,Europe,Monica Herrera,54,139.91,7555.14,3397.14
2025-11-04,Noise-Cancel Headset,North America,Ryan Munoz,58,252.38,14638.04,6760.48
2026-01-16,Wireless Keyboard,Latin America,Gina Moore,26,64.47,1676.22,811.46
2025-10-10,Noise-Cancel Headset,Europe,Connie Lawrence,83,236.46,19626.18,9064.43
2025-11-17,Ergonomic Mouse,Asia Pacific,Gina Moore,43,71.57,3077.51,1408.68
2025-11-13,"27"" Monitor",Asia Pacific,Gabrielle Davis,22,515.35,11337.7,6589.0
2025-10-18,Laptop Pro 15,Asia Pacific,Daniel Wagner,18,1268.37,22830.66,14185.8
2025-10-24,Noise-Cancel Headset,North America,Connie Lawrence,109,266.31,29027.79,13405.91
2026-02-27,Noise-Cancel Headset,Latin America,Connie Lawrence,45,235.02,10575.9,4884.3
2026-01-25,"27"" Monitor",Europe,Cristian Santos,22,515.09,11331.98,6585.7
2026-02-28,Wireless Keyboard,Asia Pacific,Allison Hill,10,64.94,649.4,314.4
2026-01-06,Webcam HD,Latin America,Abigail Shaffer,36,135.56,4880.16,2194.2
2026-02-14,Desk Lamp LED,Asia Pacific,Gabrielle Davis,14,46.32,648.48,259.98
2026-01-08,Webcam HD,Latin America,Jamie Arnold,44,119.71,5267.24,2368.08
2025-11-26,Wireless Keyboard,Latin America,Angie Henderson,1,58.39,58.39,28.27
2025-12-23,USB-C Hub,Latin America,Connie Lawrence,24,77.3,1855.2,812.64
2025-12-24,Desk Lamp LED,Latin America,Allison Hill,33,48.54,1601.82,642.18
2026-02-13,Noise-Cancel Headset,North America,Cristian Santos,33,235.93,7785.69,3596.01
2026-02-16,USB-C Hub,North America,Angie Henderson,40,84.95,3398.0,1488.4
2026-02-12,Laptop Pro 15,Asia Pacific,Ryan Munoz,33,1110.53,36647.49,22770.99
2025-11-30,Wireless Keyboard,Latin America,Gina Moore,11,59.68,656.48,317.79
2025-12-23,Noise-Cancel Headset,Asia Pacific,Gabrielle Davis,28,230.44,6452.32,2980.04
2025-11-23,Webcam HD,Latin America,Gabrielle Davis,3,127.96,383.88,172.59
2025-10-11,Webcam HD,Latin America,Monica Herrera,10,125.66,1256.6,565.0
2026-01-26,Laptop Pro 15,Latin America,Noah Rhodes,36,1178.48,42425.28,26361.0
2026-01-24,USB-C Hub,North America,Jamie Arnold,26,84.43,2195.18,961.48
2025-12-23,Laptop Pro 15,North America,Jamie Arnold,93,1246.31,115906.83,72019.2
2026-02-14,Webcam HD,Asia Pacific,Monica Herrera,27,136.02,3672.54,1651.32
2025-10-29,Laptop Pro 15,Latin America,Ryan Munoz,36,1262.8,45460.8,28247.04
2026-01-31,USB-C Hub,Europe,Abigail Shaffer,28,84.3,2360.4,1034.04
2025-10-30,USB-C Hub,North America,Allison Hill,94,85.63,8049.22,3525.94
2025-11-26,Desk Lamp LED,Asia Pacific,Allison Hill,61,47.22,2880.42,1154.73
2026-02-02,Laptop Pro 15,North America,Daniel Wagner,23,1318.28,30320.44,18839.76
2025-10-27,"27"" Monitor",Asia Pacific,Connie Lawrence,46,537.02,24702.92,14356.6
2025-11-04,Ergonomic Mouse,North America,Noah Rhodes,59,66.85,3944.15,1805.4
2025-12-29,"27"" Monitor",Europe,Connie Lawrence,45,503.31,22648.95,13162.95
2026-02-26,Desk Lamp LED,Asia Pacific,Monica Herrera,33,44.62,1472.46,590.37
2026-01-30,Webcam HD,Asia Pacific,Angie Henderson,41,137.71,5646.11,2538.72
2026-01-25,Noise-Cancel Headset,North America,Jamie Arnold,34,267.81,9105.54,4205.46
2026-02-18,"27"" Monitor",North America,Monica Herrera,105,545.81,57310.05,33306.0
2025-10-15,USB-C Hub,Europe,Allison Hill,49,86.58,4242.42,1858.57
2025-11-26,Desk Lamp LED,Asia Pacific,Allison Hill,26,43.77,1138.02,456.3
2025-10-13,Desk Lamp LED,Asia Pacific,Connie Lawrence,69,43.13,2975.97,1193.01
2026-02-27,Laptop Pro 15,Latin America,Gina Moore,42,1080.51,45381.42,28197.96
2025-10-18,Desk Lamp LED,North America,Cristian Santos,12,44.08,528.96,212.04
2026-02-08,USB-C Hub,Latin America,Cristian Santos,6,84.59,507.54,222.36
2025-11-15,Laptop Pro 15,Latin America,Gina Moore,15,1288.28,19324.2,12007.05
2025-10-22,Wireless Keyboard,Asia Pacific,Noah Rhodes,32,56.34,1802.88,872.96
2026-01-29,USB-C Hub,Asia Pacific,Monica Herrera,28,87.05,2437.4,1067.64
2025-11-21,Wireless Keyboard,Asia Pacific,Allison Hill,39,61.59,2402.01,1162.98
2025-11-04,Desk Lamp LED,Asia Pacific,Daniel Wagner,38,47.67,1811.46,726.18
2025-11-05,"27"" Monitor",North America,Cristian Santos,76,527.8,40112.8,23312.24
2025-11-07,USB-C Hub,North America,Angie Henderson,59,74.35,4386.65,1921.63
2025-11-30,Ergonomic Mouse,Latin America,Daniel Wagner,4,75.25,301.0,137.8
2025-10-28,Webcam HD,Europe,Gina Moore,65,119.73,7782.45,3498.95
2025-11-10,Noise-Cancel Headset,Asia Pacific,Cristian Santos,62,240.86,14933.32,6896.88
2026-01-27,Webcam HD,Latin America,Ryan Munoz,40,127.11,5084.4,2286.0
2025-11-04,Ergonomic Mouse,Asia Pacific,Ryan Munoz,50,67.3,3365.0,1540.5
2025-10-24,Noise-Cancel Headset,Latin America,Ryan Munoz,37,251.7,9312.9,4301.25
2025-12-26,Laptop Pro 15,North America,Noah Rhodes,92,1217.41,112001.72,69592.48
2026-02-10,Wireless Keyboard,North America,Gina Moore,38,55.98,2127.24,1029.8
2025-12-21,Wireless Keyboard,Latin America,Ryan Munoz,11,57.94,637.34,308.55
2026-01-07,Webcam HD,Europe,Gina Moore,43,136.67,5876.81,2642.35
2026-01-26,Desk Lamp LED,North America,Ryan Munoz,91,47.8,4349.8,1743.56
2025-10-12,Noise-Cancel Headset,Asia Pacific,Abigail Shaffer,10,229.38,2293.8,1059.4
2025-11-16,Ergonomic Mouse,Asia Pacific,Noah Rhodes,24,67.19,1612.56,738.24
2025-12-15,Wireless Keyboard,Europe,Jamie Arnold,43,53.93,2318.99,1122.73
2026-01-28,Ergonomic Mouse,Asia Pacific,Connie Lawrence,55,68.07,3743.85,1713.8
2026-02-05,Laptop Pro 15,Europe,Jamie Arnold,28,1113.53,31178.84,19372.92
2026-02-17,Ergonomic Mouse,Asia Pacific,Gina Moore,40,68.59,2743.6,1256.0
2026-02-16,Laptop Pro 15,Asia Pacific,Gina Moore,76,1289.82,98026.32,60908.68
2025-12-28,Ergonomic Mouse,Europe,Connie Lawrence,7,64.68,452.76,207.27
2026-02-12,"27"" Monitor",Latin America,Cristian Santos,29,526.86,15278.94,8879.51
2026-02-24,Ergonomic Mouse,Latin America,Gina Moore,19,69.07,1312.33,600.78
2025-11-07,"27"" Monitor",North America,Ryan Munoz,67,535.67,35889.89,20857.77
2026-01-25,Ergonomic Mouse,Latin America,Jamie Arnold,12,76.29,915.48,419.16
2025-10-02,USB-C Hub,Europe,Jamie Arnold,25,85.92,2148.0,941.0
2026-02-08,Desk Lamp LED,North America,Gina Moore,36,41.59,1497.24,600.12
2025-10-18,Wireless Keyboard,North America,Noah Rhodes,28,62.85,1759.8,852.04
2026-02-17,Laptop Pro 15,Europe,Connie Lawrence,36,1082.85,38982.6,24221.88
2026-01-17,USB-C Hub,Europe,Jamie Arnold,10,82.3,823.0,360.5
2025-11-21,Laptop Pro 15,North America,Monica Herrera,202,1199,332123,228715
2026-02-01,Desk Lamp LED,North America,Allison Hill,14,40.56,567.84,227.64
2025-10-04,USB-C Hub,North America,Gina Moore,9,74.77,672.93,294.75
2026-02-09,Desk Lamp LED,Latin America,Noah Rhodes,36,47.25,1701.0,681.84
2026-01-11,Laptop Pro 15,North America,Allison Hill,29,1192.7,34588.3,21491.61
2025-10-21,Laptop Pro 15,Asia Pacific,Daniel Wagner,50,1253.49,62674.5,38943.0
2025-11-14,Wireless Keyboard,Latin America,Cristian Santos,31,55.59,1723.29,834.21
2026-01-14,Desk Lamp LED,North America,Jamie Arnold,72,41.65,2998.8,1202.4
2026-01-10,Ergonomic Mouse,North America,Jamie Arnold,28,65.96,1846.88,845.32
2026-01-31,Wireless Keyboard,North America,Gabrielle Davis,29,61.04,1770.16,856.95
2026-02-25,Laptop Pro 15,Asia Pacific,Ryan Munoz,66,1191.93,78667.38,48879.6
2025-12-16,USB-C Hub,Europe,Connie Lawrence,26,84.09,2186.34,957.84
2026-02-19,USB-C Hub,Europe,Daniel Wagner,44,86.3,3797.2,1663.2
2025-11-29,Laptop Pro 15,Europe,Abigail Shaffer,24,1290.66,30975.84,19246.8
2025-10-09,Ergonomic Mouse,Europe,Gabrielle Davis,35,66.95,2343.25,1072.75
2025-10-13,"27"" Monitor",Asia Pacific,Gina Moore,30,493.22,14796.6,8599.2
2025-12-22,Laptop Pro 15,North America,Angie Henderson,14,1264.79,17707.06,11002.32
2025-11-16,Laptop Pro 15,Asia Pacific,Ryan Munoz,12,1131.62,13579.44,8437.56
2025-12-01,Wireless Keyboard,North America,Angie Henderson,86,61.02,5247.72,2540.44
2025-12-02,Wireless Keyboard,Europe,Connie Lawrence,72,60.62,4364.64,2113.2
2025-10-21,Wireless Keyboard,Asia Pacific,Noah Rhodes,51,56.05,2858.55,1384.14
2026-01-19,Webcam HD,Asia Pacific,Allison Hill,35,118.46,4146.1,1864.1
2025-11-10,Noise-Cancel Headset,Latin America,Gina Moore,28,256.5,7182.0,3316.88
2026-02-25,Laptop Pro 15,Asia Pacific,Ryan Munoz,66,1191.93,78667.38,48879.6
2026-01-15,Noise-Cancel Headset,Latin America,Noah Rhodes,13,228.74,2973.62,1373.32
2025-12-22,Desk Lamp LED,Latin America,Gina Moore,23,47.54,1093.42,438.38
2025-10-24,Webcam HD,Latin America,Jamie Arnold,58,120.36,6980.88,3138.38
2026-02-10,Webcam HD,Latin America,Monica Herrera,26,122.99,3197.74,1437.8
2025-12-21,USB-C Hub,Asia Pacific,Connie Lawrence,6,78.52,471.12,206.4
2026-01-03,Wireless Keyboard,North America,Angie Henderson,28,54.22,1518.16,735.0
2026-01-20,"27"" Monitor",Latin America,Ryan Munoz,27,509.86,13766.22,8000.37
2025-12-01,Desk Lamp LED,Latin America,Noah Rhodes,13,42.57,553.41,221.91
2026-01-12,Desk Lamp LED,Europe,Jamie Arnold,54,48.02,2593.08,1039.5
2025-11-05,Noise-Cancel Headset,Latin America,Angie Henderson,15,269.87,4048.05,1869.6
2025-12-08,"27"" Monitor",Europe,Gabrielle Davis,48,486.97,23374.56,13584.48
2026-01-26,Webcam HD,Asia Pacific,Daniel Wagner,43,126.38,5434.34,2443.26
2025-12-01,Desk Lamp LED,Europe,Daniel Wagner,74,44.55,3296.7,1321.64
2025-11-05,Desk Lamp LED,Latin America,Ryan Munoz,36,40.46,1456.56,583.92
2025-11-21,Laptop Pro 15,North America,Noah Rhodes,293,1199,458018,272670
2026-01-12,Webcam HD,Europe,Jamie Arnold,7,116.76,817.32,367.5
2026-02-25,"27"" Monitor",Latin America,Gina Moore,21,500.08,10501.68,6103.23
2026-01-03,Webcam HD,Latin America,Noah Rhodes,6,126.37,758.22,340.92
2025-10-30,Desk Lamp LED,North America,Angie Henderson,,47.18,2594.9,1040.05
2025-11-27,Wireless Keyboard,Latin America,Noah Rhodes,14,63.48,888.72,430.36
2025-10-13,Ergonomic Mouse,Latin America,Ryan Munoz,39,68.76,2681.64,1227.72
2025-11-28,Webcam HD,Europe,Monica Herrera,55,135.59,7457.45,3352.8
2025-11-06,Desk Lamp LED,North America,Gabrielle Davis,38,45.17,1716.46,688.18
2026-02-19,Wireless Keyboard,Latin America,Daniel Wagner,1,64.95,64.95,31.45
2025-12-04,Webcam HD,Asia Pacific,Abigail Shaffer,38,118.14,4489.32,2018.56
2025-12-08,"27"" Monitor",Latin America,Noah Rhodes,19,492.07,9349.33,5433.62
2025-12-02,Noise-Cancel Headset,Europe,Angie Henderson,62,243.15,15075.3,6962.6
2026-01-22,"27"" Monitor",North America,Connie Lawrence,53,476.55,25257.15,14678.35
2026-02-19,"27"" Monitor",Asia Pacific,Abigail Shaffer,56,526.86,29504.16,17146.64
2025-10-12,USB-C Hub,Latin America,Ryan Munoz,20,85.49,1709.8,749.0
2025-10-19,Desk Lamp LED,Europe,Gabrielle Davis,23,41.49,954.27,382.49
2026-01-20,Desk Lamp LED,Asia Pacific,Angie Henderson,79,46.76,3694.04,1481.25
2025-11-21,Wireless Keyboard,Asia Pacific,Angie Henderson,40,64.39,2575.6,1246.8
2025-11-08,Noise-Cancel Headset,Latin America,Daniel Wagner,13,261.57,3400.41,1570.53
2025-11-24,USB-C Hub,Europe,Monica Herrera,57,75.21,4286.97,1878.15
2025-10-16,Wireless Keyboard,Asia Pacific,Noah Rhodes,37,54.44,2014.28,974.95
2025-11-26,Desk Lamp LED,Europe,Cristian Santos,42,44.32,1861.44,746.34
2026-01-08,Webcam HD,Asia Pacific,Noah Rhodes,60,118.46,7107.6,3195.6
2025-10-15,"27"" Monitor",Europe,Cristian Santos,59,519.89,30673.51,17826.26
2026-01-12,Laptop Pro 15,Latin America,Abigail Shaffer,39,1092.1,42591.9,26464.62
2025-11-03,Ergonomic Mouse,Latin America,Jamie Arnold,31,69.69,2160.39,988.9
2026-01-18,"27"" Monitor",Asia Pacific,Monica Herrera,10,458.78,4587.8,2666.3
2026-01-31,Laptop Pro 15,North America,Cristian Santos,16,1233.21,19731.36,12260.16
2026-02-23,Ergonomic Mouse,Latin America,Noah Rhodes,37,69.46,2570.02,1176.6
2025-10-30,Ergonomic Mouse,Latin America,Gabrielle Davis,40,68.34,2733.6,1251.6
2026-01-17,"27"" Monitor",Latin America,Abigail Shaffer,9,508.57,4577.13,2660.04
2025-12-29,Noise-Cancel Headset,North America,Gina Moore,67,261.86,17544.62,8102.98
2026-02-24,Noise-Cancel Headset,North America,Angie Henderson,16,272.28,4356.48,
2026-01-19,Wireless Keyboard,North America,Cristian Santos,23,65.56,1507.88,730.02
2026-02-03,"27"" Monitor",Latin America,Connie Lawrence,21,459.54,9650.34,5608.47
2026-02-18,Desk Lamp LED,Europe,Jamie Arnold,11,48.15,529.65,212.3
2025-11-16,Webcam HD,Europe,Gabrielle Davis,22,126.12,2774.64,1247.62
2025-12-30,Noise-Cancel Headset,North America,Cristian Santos,41,252.88,10368.08,4788.39
2025-11-09,Webcam HD,Latin America,Ryan Munoz,17,132.46,2251.82,1012.52
2026-01-09,Desk Lamp LED,Europe,Ryan Munoz,13,46.09,599.17,240.24
2025-11-06,USB-C Hub,Latin America,Cristian Santos,27,81.36,2196.72,962.28
2026-01-30,USB-C Hub,Europe,Cristian Santos,65,85.61,5564.65,2437.5
2025-12-29,Webcam HD,North America,Cristian Santos,21,137.91,2896.11,1302.0
2025-12-14,Laptop Pro 15,Europe,Cristian Santos,20,1248.63,24972.6,15516.8
2026-01-11,USB-C Hub,Europe,Monica Herrera,14,82.9,1160.6,508.34
2025-10-16,Laptop Pro 15,North America,Monica Herrera,55,1090.73,59990.15,37275.15
2026-02-24,Noise-Cancel Headset,Latin America,Cristian Santos,18,229.84,4137.12,1910.7
2025-10-15,Ergonomic Mouse,Asia Pacific,Connie Lawrence,43,68.93,2963.99,1357.08
2025-11-21,Laptop Pro 15,North America,Cristian Santos,359,1199,425645,282355
2025-12-03,Webcam HD,Latin America,Gabrielle Davis,39,137.26,5353.14,2406.69
2026-01-25,"27"" Monitor",North America,Angie Henderson,41,492.97,20211.77,11746.5
2026-01-18,Desk Lamp LED,Latin America,Allison Hill,15,40.75,611.25,245.1
2025-11-10,"27"" Monitor",Europe,Monica Herrera,70,473.17,33121.9,19249.3
2025-12-15,USB-C Hub,Europe,Ryan Munoz,62,85.59,5306.58,2324.38
2025-10-28,Noise-Cancel Headset,Europe,Angie Henderson,60,247.23,14833.8,6850.8
2025-12-30,Noise-Cancel Headset,Asia Pacific,Monica Herrera,78,227.84,17771.52,8207.94
2026-02-20,USB-C Hub,North America,Gina Moore,25,74.04,1851.0,810.75
2026-01-05,Wireless Keyboard,Europe,Angie Henderson,66,63.6,4197.6,2032.14
2025-11-26,"27"" Monitor",Latin America,Angie Henderson,13,482.15,6267.95,3642.73
2026-02-20,Noise-Cancel Headset,North America,Allison Hill,66,228.56,15084.96,6966.96
2025-12-04,Wireless Keyboard,Latin America,Abigail Shaffer,62,59.65,3698.3,1790.56
2026-01-13,Desk Lamp LED,Europe,Monica Herrera,13,43.13,560.69,224.77
2025-12-20,Noise-Cancel Headset,North America,Abigail Shaffer,29,226.31,6562.99,3031.08
2026-02-17,Noise-Cancel Headset,Europe,Connie Lawrence,52,268.2,13946.4,6441.24
2026-02-18,USB-C Hub,North America,Gina Moore,94,73.85,6941.9,3040.9
2025-10-20,"27"" Monitor",Europe,Connie Lawrence,35,484.14,16944.9,9847.6
2026-01-25,Laptop Pro 15,Asia Pacific,Gabrielle Davis,16,1104.62,17673.92,10981.76
2025-11-21,Wireless Keyboard,North America,Angie Henderson,80,57.67,4613.6,2233.6
2025-12-31,Laptop Pro 15,Asia Pacific,Ryan Munoz,21,1124.24,23609.04,14669.55
2026-01-03,Noise-Cancel Headset,Latin America,Jamie Arnold,8,246.0,1968.0,908.88
2026-01-15,Ergonomic Mouse,Europe,Daniel Wagner,96,67.52,6481.92,2967.36
2026-01-11,Laptop Pro 15,Latin America,Connie Lawrence,14,1244.69,17425.66,10827.46
2026-01-11,Laptop Pro 15,Europe,Abigail Shaffer,27,1301.28,35134.56,21830.85
2025-12-30,Wireless Keyboard,Europe,Jamie Arnold,37,64.56,2388.72,1156.62
2025-12-14,Ergonomic Mouse,Europe,Gina Moore,24,68.06,1633.44,747.84
2025-10-13,USB-C Hub,North America,Abigail Shaffer,63,78.92,4971.96,2177.91
2025-12-19,Noise-Cancel Headset,Latin America,Jamie Arnold,28,233.98,6551.44,3025.68
2025-10-07,Desk Lamp LED,Europe,Gina Moore,61,41.03,2502.83,1003.45
2025-11-05,USB-C Hub,Latin America,Allison Hill,29,77.68,2252.72,986.87
2026-01-16,"27"" Monitor",North America,Gina Moore,38,508.35,19317.3,11226.34
2025-11-21,Laptop Pro 15,North America,Allison Hill,369,1199,272173,273415
2025-10-11,Desk Lamp LED,Europe,Connie Lawrence,12,49.01,588.12,235.8
2025-12-06,Wireless Keyboard,Asia Pacific,Monica Herrera,21,62.83,1319.43,638.82
2026-01-13,Laptop Pro 15,North America,Gina Moore,89,1223.25,108869.25,67646.23
2025-12-09,Ergonomic Mouse,Europe,Noah Rhodes,30,66.3,1989.0,910.5
2025-12-12,Laptop Pro 15,Asia Pacific,Daniel Wagner,50,1203.26,60163.0,37382.0
2025-10-19,Wireless Keyboard,Asia Pacific,Monica Herrera,22,60.11,1322.42,640.2
2025-10-19,Laptop Pro 15,Latin America,Connie Lawrence,10,1093.55,10935.5,6794.8
2025-12-08,"27"" Monitor",North America,Connie Lawrence,66,455.47,30061.02,17470.2
2026-01-06,Desk Lamp LED,Asia Pacific,Cristian Santos,29,42.76,1240.04,497.06
2025-12-21,Desk Lamp LED,Asia Pacific,Gabrielle Davis,26,42.87,1114.62,446.68
2026-01-19,Wireless Keyboard,North America,Noah Rhodes,42,61.33,2575.86,1246.98
2026-02-17,Noise-Cancel Headset,Latin America,Connie Lawrence,27,267.41,7220.07,3334.5
2025-12-19,Noise-Cancel Headset,Latin America,Cristian Santos,32,225.92,7229.44,3338.88
2025-11-27,Noise-Cancel Headset,Latin America,Gina Moore,25,238.91,5972.75,2758.5
2025-11-03,Laptop Pro 15,Asia Pacific,Monica Herrera,50,1108.41,55420.5,34435.5
2025-12-07,Webcam HD,Latin America,Connie Lawrence,13,130.59,1697.67,763.36
2026-02-04,Ergonomic Mouse,Asia Pacific,Cristian Santos,28,70.82,1982.96,907.76
2025-10-28,Webcam HD,Asia Pacific,Gina Moore,59,128.84,7601.56,3417.87
2026-02-12,USB-C Hub,North America,Abigail Shaffer,76,84.41,6415.16,2809.72
2025-10-05,USB-C Hub,Europe,Noah Rhodes,21,81.46,1710.66,749.28
2025-12-25,USB-C Hub,Europe,Ryan Munoz,9,75.19,676.71,296.46
2025-11-05,Desk Lamp LED,North America,Allison Hill,68,41.85,2845.8,1141.04
2025-10-31,Noise-Cancel Headset,Europe,Gina Moore,67,260.49,17452.83,8060.77
2025-12-09,Desk Lamp LED,Latin America,Abigail Shaffer,37,43.3,1602.1,642.32
2025-11-06,Noise-Cancel Headset,Europe,Noah Rhodes,75,247.48,18561.0,8572.5
2026-02-25,Desk Lamp LED,Europe,Gina Moore,42,47.66,2001.72,802.62
2026-01-20,Wireless Keyboard,North America,Noah Rhodes,71,57.88,4109.48,1989.42
2025-11-08,Ergonomic Mouse,Europe,Noah Rhodes,33,71.23,2350.59,1076.13
2025-12-03,"27"" Monitor",North America,Cristian Santos,81,512.36,41501.16,24119.37
2026-01-24,Ergonomic Mouse,Europe,Monica Herrera,17,69.68,1184.56,542.3
2026-01-11,Laptop Pro 15,Latin America,Noah Rhodes,10,1311.75,13117.5,8150.6
2026-02-27,Noise-Cancel Headset,North America,Ryan Munoz,52,238.81,12418.12,5735.08
2025-12-26,Laptop Pro 15,Europe,Ryan Munoz,51,1230.44,62752.44,38991.03
2026-01-26,Laptop Pro 15,North America,Angie Henderson,59,1308.84,77221.56,47981.75
2025-12-25,"27"" Monitor",Europe,Monica Herrera,36,463.81,16697.16,9703.8
2026-02-19,USB-C Hub,Latin America,Gina Moore,41,86.1,3530.1,1546.52
2026-01-10,"27"" Monitor",Asia Pacific,Cristian Santos,8,522.19,4177.52,2427.84
2026-01-11,Noise-Cancel Headset,North America,Connie Lawrence,37,259.04,9584.48,4426.68
2025-10-08,USB-C Hub,Latin America,Ryan Munoz,45,78.77,3544.65,1552.95
2025-12-07,Laptop Pro 15,Latin America,Gabrielle Davis,19,1098.0,20862.0,12962.56
2025-10-06,Webcam HD,Europe,Ryan Munoz,20,125.44,2508.8,1128.0
2026-02-28,Desk Lamp LED,Europe,Gina Moore,12,45.37,544.44,218.28
2025-12-11,USB-C Hub,North America,Allison Hill,46,83.67,3848.82,1685.9
2026-02-14,USB-C Hub,Asia Pacific,Noah Rhodes,16,78.26,1252.16,548.48
2026-02-01,Desk Lamp LED,Europe,Connie Lawrence,14,46.86,656.04,263.06
2026-01-09,Desk Lamp LED,Europe,Daniel Wagner,44,42.94,1889.36,757.24
2026-02-09,Wireless Keyboard,Latin America,Noah Rhodes,33,65.25,2153.25,1042.47
2025-11-05,Noise-Cancel Headset,Europe,Monica Herrera,61,250.52,15281.72,7057.7
2025-11-30,Webcam HD,North America,Monica Herrera,10,132.74,1327.4,596.8
2025-11-11,Wireless Keyboard,Latin America,Allison Hill,2,56.06,112.12,54.28
2026-02-22,Laptop Pro 15,Latin America,Cristian Santos,11,1265.12,13916.32,8646.99
2025-11-05,USB-C Hub,Asia Pacific,Monica Herrera,57,81.5,4645.5,2034.9
2025-12-21,Webcam HD,North America,Gabrielle Davis,25,130.09,3252.25,1462.25
2025-10-05,Webcam HD,North America,Connie Lawrence,26,122.32,3180.32,1430.0
2025-11-13,Wireless Keyboard,Latin America,Noah Rhodes,38,59.05,2243.9,1086.42
2025-12-24,Wireless Keyboard,Latin America,Monica Herrera,29,62.73,1819.17,880.73
2026-01-20,Laptop Pro 15,Europe,Connie Lawrence,42,1182.53,49666.26,30859.92
2026-01-13,"27"" Monitor",Europe,Allison Hill,66,498.26,32885.16,19111.62
2025-12-01,Noise-Cancel Headset,Europe,Abigail Shaffer,81,259.22,20996.82,9697.32
2025-11-01,Noise-Cancel Headset,Latin America,Connie Lawrence,8,271.64,2173.12,1003.68
2025-12-30,Ergonomic Mouse,Asia Pacific,Cristian Santos,40,75.22,3008.8,1377.2
2026-01-04,Ergonomic Mouse,Asia Pacific,Monica Herrera,17,76.73,1304.41,597.21
2026-01-30,Webcam HD,Latin America,Jamie Arnold,20,130.3,2606.0,1171.6
2026-02-13,USB-C Hub,Europe,Allison Hill,32,73.51,2352.32,1030.4
2025-12-10,Ergonomic Mouse,North America,Gabrielle Davis,55,74.28,4085.4,1870.0
2025-12-31,Desk Lamp LED,Latin America,Connie Lawrence,42,43.9,1843.8,739.2
2025-10-02,USB-C Hub,Europe,Cristian Santos,50,72.91,3645.5,1597.0
2026-02-14,Noise-Cancel Headset,Asia Pacific,Monica Herrera,18,259.89,4678.02,2160.54
2025-11-16,"27"" Monitor",Latin America,Connie Lawrence,9,512.42,4611.78,2680.2
2026-01-03,Webcam HD,North America,Abigail Shaffer,9,134.81,1213.29,545.49
2025-10-17,Ergonomic Mouse,Latin America,Jamie Arnold,38,66.33,2520.54,1153.68
2026-01-16,Noise-Cancel Headset,Europe,Ryan Munoz,31,265.62,8234.22,3803.08
2025-12-24,"27"" Monitor",North America,Daniel Wagner,84,470.2,39496.8,22953.84
2026-01-02,Laptop Pro 15,Latin America,Gabrielle Davis,43,1131.51,48654.93,30231.58
2025-11-02,Webcam HD,North America,Gina Moore,41,116.5,4776.5,2147.58
2025-11-26,"27"" Monitor",Latin America,Jamie Arnold,33,479.26,15815.58,9191.49
2025-11-21,Laptop Pro 15,North America,Gabrielle Davis,264,1199,384879,282355
2025-10-08,USB-C Hub,Europe,Cristian Santos,25,73.4,1835.0,803.75
2025-11-20,Noise-Cancel Headset,North America,Gabrielle Davis,27,235.3,6353.1,2934.09
2026-02-03,Desk Lamp LED,Latin America,Angie Henderson,14,46.99,657.86,263.76
2026-01-06,Wireless Keyboard,Europe,Allison Hill,52,60.77,3160.04,1529.84
2025-10-11,Noise-Cancel Headset,North America,Gina Moore,40,252.77,10110.8,4669.6
2026-01-14,Webcam HD,Latin America,Abigail Shaffer,25,127.11,3177.75,1428.75
2026-02-23,Desk Lamp LED,Asia Pacific,Allison Hill,61,42.93,2618.73,1049.81
2026-01-27,Laptop Pro 15,Europe,Ryan Munoz,20,1198.07,23961.4,14888.4
2026-02-26,USB-C Hub,North America,Ryan Munoz,30,83.43,2502.9,1096.5
2025-10-25,Wireless Keyboard,Latin America,Allison Hill,21,65.8,1381.8,669.06
2026-02-28,Webcam HD,Latin America,Angie Henderson,5,137.09,,308.2
2025-10-18,"27"" Monitor",North America,Noah Rhodes,9,486.29,4376.61,2543.49
2025-10-01,Webcam HD,Europe,Monica Herrera,61,141.38,8624.18,3877.77
2025-12-07,Laptop Pro 15,North America,Ryan Munoz,18,1183.31,21299.58,13234.5
2026-02-22,USB-C Hub,Europe,Allison Hill,18,81.16,1460.88,639.9
2025-12-30,Ergonomic Mouse,Latin America,Abigail Shaffer,11,74.09,814.99,373.12
2025-11-10,Webcam HD,Asia Pacific,Daniel Wagner,41,129.38,5304.58,2384.97
2025-11-14,Wireless Keyboard,Europe,Ryan Munoz,20,57.72,1154.4,558.8
2025-10-08,Noise-Cancel Headset,Asia Pacific,Monica Herrera,32,232.32,7434.24,3433.6
2025-10-03,Wireless Keyboard,Latin America,Connie Lawrence,29,62.56,1814.24,878.41
2026-01-07,"27"" Monitor",Asia Pacific,Daniel Wagner,48,451.91,21691.68,12606.24
2026-01-29,Ergonomic Mouse,North America,Noah Rhodes,56,68.93,3860.08,1767.36
2025-10-20,Wireless Keyboard,Latin America,Gina Moore,37,62.95,2329.15,1127.76
2025-11-02,Wireless Keyboard,Europe,Abigail Shaffer,24,59.93,1438.32,696.48
2025-10-21,"27"" Monitor",Latin America,Noah Rhodes,44,461.65,20312.6,11804.76
2026-01-06,USB-C Hub,Latin America,Gabrielle Davis,19,76.02,1444.38,632.7
2026-02-23,Laptop Pro 15,Europe,Monica Herrera,78,1186.99,92585.22,57528.12
2025-11-21,Webcam HD,North America,Connie Lawrence,61,116.56,7110.16,3197.01
2025-12-21,Ergonomic Mouse,North America,Ryan Munoz,16,75.52,1208.32,553.12
2025-12-24,Webcam HD,North America,Jamie Arnold,83,133.31,11064.73,4975.02
2025-10-27,Webcam HD,Europe,Allison Hill,39,132.68,5174.52,2326.74
2026-01-24,Desk Lamp LED,Europe,Connie Lawrence,12,42.08,504.96,202.44
2026-01-07,Desk Lamp LED,Latin America,Monica Herrera,25,44.83,1120.75,449.25
2025-12-25,Noise-Cancel Headset,Asia Pacific,Gina Moore,48,240.77,11556.96,5337.6
2025-12-26,Laptop Pro 15,Asia Pacific,Noah Rhodes,30,1171.8,35154.0,21843.0
2025-12-11,"27"" Monitor",Asia Pacific,Connie Lawrence,63,513.12,32326.56,18787.23
2026-01-01,Ergonomic Mouse,North America,Abigail Shaffer,62,69.96,4337.52,1985.86
2026-02-11,Desk Lamp LED,North America,Monica Herrera,68,41.23,2803.64,1124.04
2025-10-22,Webcam HD,Latin America,Ryan Munoz,30,126.09,3782.7,1700.7
2025-12-21,"27"" Monitor",Asia Pacific,Allison Hill,17,529.96,9009.32,5235.83
2025-12-02,"27"" Monitor",Asia Pacific,Gina Moore,20,473.44,9468.8,
2025-10-09,"27"" Monitor",Latin America,Abigail Shaffer,48,486.74,23363.52,13578.24
2025-12-11,Laptop Pro 15,Latin America,Gabrielle Davis,20,1134.92,22698.4,14103.6
2026-01-25,Webcam HD,Asia Pacific,Ryan Munoz,14,125.93,1763.02,792.68
2026-01-17,"27"" Monitor",Europe,Cristian Santos,21,475.33,9981.93,5801.04
2025-11-21,Wireless Keyboard,Asia Pacific,Jamie Arnold,39,56.04,2185.56,1058.07
2025-12-18,Desk Lamp LED,Asia Pacific,Cristian Santos,45,44.28,1992.6,798.75
2025-11-02,"27"" Monitor",Latin America,Gabrielle Davis,9,467.09,4203.81,2443.14
2025-10-24,Ergonomic Mouse,Europe,Abigail Shaffer,43,71.04,3054.72,1398.36
2025-11-24,Wireless Keyboard,Latin America,Daniel Wagner,23,64.06,1473.38,713.23
2025-10-10,Desk Lamp LED,Europe,Daniel Wagner,76,47.74,3628.24,1454.64
2025-10-11,Laptop Pro 15,Europe,Daniel Wagner,25,1136.3,28407.5,17651.0
2025-12-02,"27"" Monitor",Asia Pacific,Monica Herrera,33,547.29,18060.57,10495.98
2025-10-29,USB-C Hub,North America,Gina Moore,54,82.94,4478.76,1961.82
2025-12-17,Noise-Cancel Headset,Asia Pacific,Gabrielle Davis,23,253.88,5839.24,2696.75
2025-10-17,Noise-Cancel Headset,Europe,Abigail Shaffer,45,265.18,11933.1,5511.15
2025-12-09,USB-C Hub,North America,Connie Lawrence,36,78.78,2836.08,1242.36
2025-10-04,USB-C Hub,Europe,Jamie Arnold,14,73.78,1032.92,452.48
2025-10-02,Noise-Cancel Headset,Europe,Monica Herrera,53,224.56,11901.68,5496.63
2025-10-09,Ergonomic Mouse,North America,Connie Lawrence,59,67.69,3993.71,1828.41
2025-12-17,Ergonomic Mouse,Europe,Abigail Shaffer,41,73.89,3029.49,1387.03
2025-11-01,Laptop Pro 15,Europe,Abigail Shaffer,12,1094.16,13129.92,8158.32
2025-11-30,Ergonomic Mouse,Asia Pacific,Connie Lawrence,18,65.02,1170.36,535.86
2025-12-18,USB-C Hub,North America,Daniel Wagner,66,85.94,5672.04,2484.9
2025-11-11,Desk Lamp LED,Latin America,Gabrielle Davis,34,48.34,1643.56,658.92
2026-02-25,Webcam HD,Asia Pacific,Daniel Wagner,39,123.89,4831.71,2172.3
2026-01-11,Noise-Cancel Headset,North America,Gina Moore,23,259.58,5970.34,2757.47
2026-02-21,Webcam HD,Europe,Monica Herrera,15,124.02,1860.3,836.4
2026-02-24,Webcam HD,Latin America,Gabrielle Davis,47,117.8,5536.6,2489.12
2026-01-06,Noise-Cancel Headset,Europe,Gina Moore,58,272.15,15784.7,7290.02
2025-11-21,Wireless Keyboard,Asia Pacific,Connie Lawrence,41,64.82,2657.62,1286.58
2025-12-24,Desk Lamp LED,North America,Monica Herrera,60,45.35,2721.0,1090.8
2025-10-30,Laptop Pro 15,Asia Pacific,Monica Herrera,62,1302.1,80730.2,50161.72
2025-10-16,Noise-Cancel Headset,Asia Pacific,Daniel Wagner,65,272.32,17700.8,8175.05
2025-10-14,Noise-Cancel Headset,Asia Pacific,Jamie Arnold,51,258.93,13205.43,6099.09
2026-02-17,"27"" Monitor",Latin America,Allison Hill,49,452.07,22151.43,12873.77
2025-10-02,Desk Lamp LED,Asia Pacific,Daniel Wagner,32,47.25,1512.0,606.08
2026-01-01,USB-C Hub,North America,Monica Herrera,96,73.8,7084.8,3103.68
2026-01-05,Wireless Keyboard,North America,Gabrielle Davis,71,65.19,4628.49,2240.76
2025-12-17,Laptop Pro 15,Asia Pacific,Monica Herrera,56,1103.94,61820.64,38412.08
2025-10-27,Webcam HD,Latin America,Ryan Munoz,29,122.21,3544.09,1593.55
2025-12-04,Wireless Keyboard,Asia Pacific,Noah Rhodes,57,60.89,3470.73,1680.36
2025-10-16,Webcam HD,Asia Pacific,Ryan Munoz,21,130.0,2730.0,1227.45
2025-12-10,"27"" Monitor",Asia Pacific,Cristian Santos,60,513.86,30831.6,17918.4
2025-11-24,Noise-Cancel Headset,Latin America,Gabrielle Davis,38,267.29,10157.02,4691.1
2026-01-22,Webcam HD,Asia Pacific,Jamie Arnold,20,120.95,2419.0,1087.6
2026-01-21,Desk Lamp LED,Asia Pacific,Abigail Shaffer,23,41.87,963.01,385.94
2026-02-08,Desk Lamp LED,Asia Pacific,Gina Moore,10,47.74,477.4,191.4
2025-12-16,Ergonomic Mouse,Europe,Jamie Arnold,66,72.77,4802.82,2198.46
2025-11-23,Wireless Keyboard,Latin America,Noah Rhodes,10,60.7,607.0,293.9
2026-02-19,Ergonomic Mouse,Europe,Monica Herrera,41,69.94,2867.54,1312.82
2025-11-23,Wireless Keyboard,Latin America,Noah Rhodes,10,60.7,607.0,293.9
2025-11-06,Webcam HD,Asia Pacific,Monica Herrera,34,131.45,4469.3,2009.4
2025-11-14,Ergonomic Mouse,North America,Monica Herrera,68,67.18,4568.24,2091.0
2026-01-06,Noise-Cancel Headset,Europe,Connie Lawrence,63,234.79,14791.77,6831.72
2026-01-20,Wireless Keyboard,Europe,Cristian Santos,48,63.5,3048.0,1475.52
2026-01-21,Desk Lamp LED,North America,Daniel Wagner,132,42.43,5600.76,2245.32
2026-01-02,Wireless Keyboard,Latin America,Noah Rhodes,47,54.11,2543.17,1231.4
2025-11-14,"27"" Monitor",North America,Angie Henderson,102,472.85,48230.7,28029.6
2025-10-15,Wireless Keyboard,North America,Cristian Santos,53,63.26,3352.78,1623.39
2025-10-22,Ergonomic Mouse,Latin America,Monica Herrera,18,73.98,1331.64,609.66
2026-02-07,USB-C Hub,Europe,Angie Henderson,18,77.15,1388.7,608.4
2026-01-31,Webcam HD,Europe,Allison Hill,22,122.83,2702.26,1215.06
2025-12-02,"27"" Monitor",Asia Pacific,Gina Moore,20,473.44,9468.8,5502.8
2025-11-13,Wireless Keyboard,Europe,Monica Herrera,73,61.39,4481.47,2169.56
2026-01-26,Laptop Pro 15,Asia Pacific,Daniel Wagner,50,1089.15,54457.5,33837.0
2026-02-02,Webcam HD,North America,Allison Hill,86,118.67,10205.62,4588.96
2025-10-24,Noise-Cancel Headset,North America,Monica Herrera,20,259.15,5183.0,2393.8
2025-12-13,Webcam HD,Asia Pacific,Monica Herrera,26,132.93,3456.18,1554.02
2025-12-07,Desk Lamp LED,Europe,Daniel Wagner,18,48.86,879.48,352.62
2025-10-07,Desk Lamp LED,Asia Pacific,Monica Herrera,25,47.44,1186.0,475.5
2026-01-16,Ergonomic Mouse,Latin America,Noah Rhodes,30,67.96,2038.8,933.3
2025-12-10,Webcam HD,Latin America,Gabrielle Davis,37,126.34,4674.58,2101.6
2026-01-25,USB-C Hub,Latin America,Connie Lawrence,6,83.04,498.24,218.28
2025-10-29,Laptop Pro 15,Asia Pacific,Daniel Wagner,44,1241.37,54620.28,33938.52
2025-12-07,"27"" Monitor",North America,Angie Henderson,26,519.43,13505.18,7848.62
2025-12-28,Ergonomic Mouse,North America,Cristian Santos,31,65.65,2035.15,931.86
2026-01-28,Ergonomic Mouse,North America,Monica Herrera,53,70.42,3732.26,1708.72
2025-11-22,Ergonomic Mouse,Europe,Angie Henderson,42,73.59,3090.78,1414.98
2025-10-18,Webcam HD,Asia Pacific,Noah Rhodes,15,127.41,1911.15,859.2
2025-12-07,Desk Lamp LED,Asia Pacific,Allison Hill,21,42.89,900.69,361.2
2025-11-21,Laptop Pro 15,Europe,Allison Hill,6,1248.07,7488.42,4652.94
2026-01-12,Noise-Cancel Headset,Asia Pacific,Noah Rhodes,34,272.99,9281.66,4286.72
2026-02-24,Desk Lamp LED,North America,Angie Henderson,57,45.88,2615.16,1048.23
2025-12-15,Desk Lamp LED,North America,Gina Moore,92,45.62,4197.04,1682.68
2025-10-30,Ergonomic Mouse,Latin America,Gina Moore,12,64.18,770.16,352.56
2026-02-17,Wireless Keyboard,North America,Gina Moore,62,65.23,4044.26,1957.96
2025-11-14,Laptop Pro 15,Europe,Jamie Arnold,30,1204.45,36133.5,22451.7
2026-02-12,Webcam HD,North America,Gabrielle Davis,53,130.14,6897.42,3101.03
2026-01-22,Desk Lamp LED,Europe,Noah Rhodes,17,42.39,720.63,288.83
2025-11-22,Webcam HD,Europe,Cristian Santos,15,126.31,1894.65,851.85
2026-02-12,Webcam HD,North America,Connie Lawrence,32,134.28,4296.96,1931.84
2025-12-28,Noise-Cancel Headset,Europe,Connie Lawrence,15,249.75,3746.25,1730.1
2025-10-18,"27"" Monitor",Latin America,Gabrielle Davis,8,476.66,3813.28,2216.16
2026-01-24,"27"" Monitor",Asia Pacific,Jamie Arnold,11,457.52,5032.72,2924.79
2025-11-24,Webcam HD,Latin America,Daniel Wagner,38,121.94,4633.72,2083.54
2025-12-18,Ergonomic Mouse,Latin America,Abigail Shaffer,37,65.96,2440.52,1117.4
2025-11-21,Laptop Pro 15,North America,Angie Henderson,307,1199,270974,245850
2025-10-26,Ergonomic Mouse,Europe,Gabrielle Davis,19,72.52,1377.88,630.8
2025-11-21,Laptop Pro 15,North America,Gabrielle Davis,359,1199,254188,262240
2026-02-27,Webcam HD,Latin America,Ryan Munoz,27,129.79,3504.33,1575.45
2025-12-14,Laptop Pro 15,North America,Cristian Santos,38,1215.3,46181.4,28694.94
2026-01-10,Desk Lamp LED,Latin America,Abigail Shaffer,19,47.8,908.2,364.04
2025-12-10,Ergonomic Mouse,North America,Daniel Wagner,53,67.14,3558.42,1628.69
2026-01-27,Desk Lamp LED,Europe,Angie Henderson,64,40.98,2622.72,1051.52
2026-01-30,Wireless Keyboard,Asia Pacific,Gabrielle Davis,37,64.36,2381.32,1152.92
2026-02-05,Ergonomic Mouse,Asia Pacific,Abigail Shaffer,62,66.32,4111.84,1882.32
2025-11-29,Noise-Cancel Headset,Asia Pacific,Gina Moore,18,228.86,4119.48,1902.6
2025-12-02,Ergonomic Mouse,Latin America,Abigail Shaffer,27,75.25,2031.75,930.15
2025-11-23,USB-C Hub,Asia Pacific,Monica Herrera,9,73.21,658.89,288.63
2025-11-21,Laptop Pro 15,North America,Jamie Arnold,233,1199,304546,288315
2025-10-11,USB-C Hub,Asia Pacific,Angie Henderson,10,73.37,733.7,321.4
2025-12-18,Noise-Cancel Headset,Asia Pacific,Connie Lawrence,47,237.08,11142.76,5146.03
2025-11-21,Wireless Keyboard,Asia Pacific,Gabrielle Davis,32,59.92,1917.44,928.32
2025-10-16,USB-C Hub,Europe,Daniel Wagner,71,85.07,6039.97,2646.17
2025-12-19,Wireless Keyboard,North America,Allison Hill,50,55.87,2793.5,1352.5
2025-12-05,Desk Lamp LED,Asia Pacific,Monica Herrera,68,48.5,3298.0,1321.92
2026-02-20,USB-C Hub,Asia Pacific,Allison Hill,30,75.57,2267.1,993.0
2025-11-08,Laptop Pro 15,Asia Pacific,Ryan Munoz,16,1211.6,19385.6,12045.28
2026-01-06,Ergonomic Mouse,Latin America,Allison Hill,34,76.78,2610.52,1195.1
2026-01-30,Ergonomic Mouse,North America,Abigail Shaffer,91,69.93,6363.63,2912.91
2025-11-28,USB-C Hub,Latin America,Connie Lawrence,34,85.9,2920.6,1279.42
2025-12-28,Laptop Pro 15,Asia Pacific,Allison Hill,16,1261.09,20177.44,12537.28
2026-01-18,Laptop Pro 15,Asia Pacific,Daniel Wagner,12,1239.34,14872.08,9240.72
2025-10-23,Desk Lamp LED,North America,Daniel Wagner,55,42.29,2325.95,932.8
2025-11-01,Laptop Pro 15,Europe,Connie Lawrence,11,1309.43,14403.73,8949.82
2026-01-15,Desk Lamp LED,North America,Gabrielle Davis,17,46.91,797.47,319.6
2025-11-10,Webcam HD,Asia Pacific,Cristian Santos,46,126.1,5800.6,2607.74
2025-10-09,Webcam HD,Latin America,Cristian Santos,54,130.73,7059.42,3174.12
2025-12-05,Desk Lamp LED,Europe,Daniel Wagner,47,47.85,2248.95,901.46
2026-01-18,Wireless Keyboard,Latin America,Connie Lawrence,15,59.27,889.05,430.35
2026-01-11,Webcam HD,North America,Noah Rhodes,29,131.08,3801.32,1708.97
2025-10-26,"27"" Monitor",Europe,Gabrielle Davis,20,475.57,9511.4,5527.6
2026-02-09,Ergonomic Mouse,Asia Pacific,Gina Moore,15,76.19,1142.85,523.2
2025-10-22,"27"" Monitor",Europe,Connie Lawrence,51,480.23,24491.73,14233.59
2026-01-03,Wireless Keyboard,Latin America,Allison Hill,11,56.62,622.82,301.51
2025-12-23,Webcam HD,Latin America,Cristian Santos,40,122.13,4885.2,2196.4
2025-11-18,Noise-Cancel Headset,Asia Pacific,Monica Herrera,37,226.57,8383.09,3871.68
2026-01-22,Ergonomic Mouse,Europe,Ryan Munoz,58,69.0,4002.0,1832.22
2025-11-28,"27"" Monitor",North America,Connie Lawrence,69,456.17,31475.73,18292.59
2026-01-05,Laptop Pro 15,North America,Daniel Wagner,49,1272.06,,38729.11
2026-01-30,Laptop Pro 15,North America,Jamie Arnold,73,1183.15,86369.95,53665.95
2025-10-01,Ergonomic Mouse,Europe,Angie Henderson,59,70.46,4157.14,1903.34
2025-12-11,Desk Lamp LED,North America,Daniel Wagner,65,41.62,2705.3,1084.2
2026-01-05,Ergonomic Mouse,North America,Daniel Wagner,42,69.79,2931.18,1341.9
2026-01-27,USB-C Hub,Latin America,Monica Herrera,36,78.82,2837.52,1242.72
2026-01-27,Noise-Cancel Headset,Asia Pacific,Allison Hill,25,248.38,6209.5,2867.75
2026-01-07,Desk Lamp LED,North America,Daniel Wagner,106,43.83,4645.98,1862.42
2025-12-25,Noise-Cancel Headset,Europe,Cristian Santos,66,243.15,16047.9,7411.8
2025-11-11,Webcam HD,Latin America,Jamie Arnold,35,128.88,4510.8,2028.25
2026-02-14,Wireless Keyboard,Asia Pacific,Allison Hill,21,65.58,1377.18,666.75
2025-12-09,Wireless Keyboard,Asia Pacific,Gina Moore,53,64.34,3410.02,1650.95
2026-01-09,"27"" Monitor",Asia Pacific,Connie Lawrence,37,533.48,19738.76,11471.48
2025-11-15,USB-C Hub,North America,Abigail Shaffer,32,73.01,2336.32,1023.36
2025-10-21,Webcam HD,North America,Noah Rhodes,17,124.89,2123.13,954.55
2025-12-16,Wireless Keyboard,Europe,Connie Lawrence,39,56.32,2196.48,1063.53
2026-02-24,USB-C Hub,Asia Pacific,Jamie Arnold,54,83.31,4498.74,1970.46
2026-01-10,Webcam HD,Asia Pacific,Jamie Arnold,14,134.03,1876.42,843.64
2026-02-03,USB-C Hub,Asia Pacific,Abigail Shaffer,34,77.74,2643.16,1158.04
2025-11-21,Laptop Pro 15,North America,Monica Herrera,225,1199,442431,248085
2025-12-22,Laptop Pro 15,Europe,Cristian Santos,53,1091.67,57858.51,35950.43
2025-11-04,Noise-Cancel Headset,,Abigail Shaffer,6,242.9,1457.4,673.08
2026-02-07,Desk Lamp LED,Asia Pacific,Allison Hill,25,45.96,1149.0,460.5
2025-10-14,Webcam HD,Europe,Monica Herrera,30,117.87,3536.1,1590.0
2026-02-05,Noise-Cancel Headset,North America,Cristian Santos,65,234.79,15261.35,7048.6
2025-11-02,Wireless Keyboard,Europe,Angie Henderson,16,63.03,1008.48,488.32
2025-11-21,Laptop Pro 15,North America,Allison Hill,296,1199,435237,197425
2025-11-30,Desk Lamp LED,Asia Pacific,Connie Lawrence,12,40.51,486.12,194.88
2026-01-04,"27"" Monitor",Europe,Gina Moore,36,505.13,18184.68,10568.16
2025-10-30,Desk Lamp LED,North America,Monica Herrera,50,47.88,2394.0,960.0
2026-01-02,Wireless Keyboard,Asia Pacific,Connie Lawrence,28,56.42,1579.76,764.96
2025-12-16,Desk Lamp LED,Asia Pacific,Noah Rhodes,62,45.47,2819.14,
2026-01-30,"27"" Monitor",Europe,Gina Moore,26,518.91,13491.66,7840.82
2025-11-17,Laptop Pro 15,Asia Pacific,Gina Moore,44,1197.02,52668.88,32725.88
2025-12-20,Desk Lamp LED,North America,Connie Lawrence,34,42.16,1433.44,574.6
2025-11-07,Ergonomic Mouse,North America,Cristian Santos,69,75.83,5232.27,2394.99
2026-02-28,USB-C Hub,Latin America,Daniel Wagner,14,87.2,1220.8,534.8
2026-02-05,Ergonomic Mouse,,Allison Hill,15,64.17,962.55,440.7
2025-11-21,Laptop Pro 15,North America,Abigail Shaffer,204,1199,309342,191465
2026-02-16,Noise-Cancel Headset,Europe,Abigail Shaffer,28,254.76,7133.28,3294.48
2026-02-07,Webcam HD,North America,Abigail Shaffer,25,140.89,3522.25,1583.75
2025-11-23,Webcam HD,Europe,Monica Herrera,15,132.46,1986.9,893.4
2026-02-07,Ergonomic Mouse,Latin America,Abigail Shaffer,12,72.72,872.64,399.48
2026-01-21,Laptop Pro 15,Europe,Noah Rhodes,52,1165.94,60628.88,37671.92
2025-12-26,Webcam HD,Europe,Daniel Wagner,46,131.64,6055.44,2722.74
2026-02-28,Noise-Cancel Headset,Asia Pacific,Abigail Shaffer,17,239.76,4075.92,1882.41
2025-11-05,Wireless Keyboard,North America,Cristian Santos,66,63.15,4167.9,2017.62
2025-11-18,Ergonomic Mouse,Asia Pacific,Allison Hill,49,64.65,3167.85,1450.4
2026-01-26,Wireless Keyboard,Latin America,Angie Henderson,24,62.7,1504.8,728.64
2025-10-19,Desk Lamp LED,Latin America,Monica Herrera,5,43.86,219.3,87.9
2026-02-04,Ergonomic Mouse,Europe,Gina Moore,39,63.44,2474.16,1132.56
2025-10-07,"27"" Monitor",Latin America,Angie Henderson,35,475.06,16627.1,9663.15
2025-12-07,Webcam HD,Latin America,Monica Herrera,15,133.5,2002.5,900.3
2025-11-14,Laptop Pro 15,Latin America,Gina Moore,33,1212.42,40009.86,24860.22
2026-02-20,Wireless Keyboard,Asia Pacific,Noah Rhodes,49,59.55,2917.95,1412.67
2025-10-31,Wireless Keyboard,Europe,Daniel Wagner,60,62.76,3765.6,1822.8
2026-01-28,Wireless Keyboard,North America,Abigail Shaffer,37,61.0,2257.0,1092.61
2025-12-20,USB-C Hub,Latin America,Abigail Shaffer,16,86.05,1376.8,603.04
2025-11-25,USB-C Hub,North America,Gabrielle Davis,70,80.62,5643.4,2471.7
2025-11-30,Desk Lamp LED,Asia Pacific,Jamie Arnold,16,42.56,680.96,272.96
2025-12-18,Wireless Keyboard,Latin America,Monica Herrera,4,62.34,249.36,120.72
2026-02-04,USB-C Hub,Europe,Angie Henderson,70,75.63,5294.1,2319.1
2025-12-14,Webcam HD,North America,Allison Hill,13,119.43,1552.59,698.1
2026-01-04,"27"" Monitor",Asia Pacific,Noah Rhodes,18,539.17,9705.06,5640.12
2025-12-28,Noise-Cancel Headset,Asia Pacific,Abigail Shaffer,4,256.71,1026.84,474.24
2026-02-20,Desk Lamp LED,Europe,Daniel Wagner,34,45.61,1550.74,621.86
2025-12-31,Ergonomic Mouse,Asia Pacific,Allison Hill,63,66.75,4205.25,1925.28
2026-02-18,Ergonomic Mouse,North America,Angie Henderson,83,74.02,6143.66,2812.87
2025-11-26,Desk Lamp LED,Asia Pacific,Abigail Shaffer,19,44.57,846.83,339.53
2025-10-21,Desk Lamp LED,Asia Pacific,Noah Rhodes,10,40.87,408.7,163.9
2025-11-25,Noise-Cancel Headset,Latin America,Gina Moore,23,260.04,5980.92,2762.3
2025-12-25,Desk Lamp LED,North America,Cristian Santos,103,42.29,4355.87,1745.85
2026-01-12,Webcam HD,Europe,Allison Hill,43,119.78,5150.54,2315.98
2025-12-19,Webcam HD,Asia Pacific,Allison Hill,43,133.06,5721.58,2572.69
2026-02-20,Laptop Pro 15,Asia Pacific,Allison Hill,26,1122.36,29181.36,18131.88
2026-01-22,Wireless Keyboard,North America,Connie Lawrence,61,55.38,3378.18,1635.41
2025-12-10,Laptop Pro 15,Europe,Noah Rhodes,51,1212.23,61823.73,38414.22
2026-02-19,Ergonomic Mouse,Europe,Monica Herrera,65,75.11,4882.15,2235.35
2025-11-23,Noise-Cancel Headset,North America,Gina Moore,27,268.37,7245.99,3346.65
2025-12-17,"27"" Monitor",Europe,Noah Rhodes,30,508.59,15257.7,8867.4
